<!--
This file is part of the pestudio solution (www.winitor.com).
Usage of this file outside of the context of pestudio (e.g. in third-party application, tools chain, etc...) must be explicitely authorized.

Please note that this file can be modified when running pestudio.
-->
<xml version="1.0" encoding="utf-8" detail="">
  <indicators>
    <indicator enable="1" level="1" id="1000" type="08" detail="%s">file > characteristics</indicator>
    <indicator enable="1" level="3" id="1001" type="08" detail="%s">file > type</indicator>
    <indicator enable="1" level="3" id="1002" type="00" detail="%i bytes">file > size</indicator>
    <indicator enable="1" level="2" id="1003" type="26" detail="%.02f%%">overlay > file-ratio</indicator>
    <indicator enable="1" level="1" id="1004" type="08" detail="%i bytes">optional-header > size</indicator>
    <indicator enable="1" level="1" id="1005" type="08" detail="%i bytes">file-header > size</indicator>
    <indicator enable="0" level="3" id="1006" type="09" detail="%i bytes">sections > alignment</indicator>
    <indicator enable="1" level="1" id="1007" type="17" detail="%i bytes">certificate > suspicious > size</indicator>
    <indicator enable="1" level="3" id="1008" type="08" detail="%s">file > cpu</indicator>
    <indicator enable="1" level="3" id="1009" type="01" detail="%s">file > footprint</indicator>
    <indicator enable="0" level="3" id="1010" type="09" detail="%i bytes">file > alignment</indicator>
    <indicator enable="1" level="3" id="1011" type="17" detail="%i bytes">certificate > size</indicator>
    <indicator enable="1" level="1" id="1012" type="17" detail="%s">compiler stamp > certificate stamp</indicator>
    <indicator enable="1" level="3" id="1013" type="08" detail="%s">rich-header > footprint</indicator>
    <indicator enable="0" level="3" id="1014" type="09" detail="0x%08X">file > image-base</indicator>
    <indicator enable="1" level="3" id="1015" type="00" detail="%.03f">file > entropy</indicator>
    <indicator enable="1" level="1" id="1018" type="08" detail="0x%08X">rich-header > checksum > invalid</indicator>
    <indicator enable="1" level="3" id="1019" type="08" detail="0x%08X">rich-header > checksum</indicator>
    <indicator enable="1" level="3" id="1020" type="08" detail="%s">file > tooling</indicator>
    <indicator enable="1" level="3" id="1021" type="08" detail="0x%08X">rich-header > offset</indicator>
    <indicator enable="0" level="2" id="1023" type="13" detail="%s">libraries > duplicate</indicator>
    <indicator enable="1" level="3" id="1024" type="--" detail="%i">.NET > functions > unmanaged > count</indicator>
    <indicator enable="1" level="1" id="1025" type="13" detail="%s">Injection > technique</indicator>
    <indicator enable="1" level="3" id="1026" type="13" detail="%s">libraries > bound</indicator>
    <indicator enable="1" level="3" id="1027" type="09" detail="%s">file > code-less</indicator>
    <indicator enable="1" level="2" id="1028" type="14" detail="%i">imports > IAT > suspicious</indicator>
    <indicator enable="1" level="3" id="1033" type="19" detail="%i">thread-local-storage > callbacks</indicator>
    <indicator enable="1" level="1" id="1034" type="12" detail="0x%08X">entry-point > invalid</indicator>
    <indicator enable="1" level="1" id="1035" type="12" detail="%s">entry-point > section</indicator>
    <indicator enable="1" level="3" id="1036" type="10" detail="0x%08X">file > checksum</indicator>
    <indicator enable="1" level="1" id="1037" type="17" detail="%i bytes">certificate > tail</indicator>
    <indicator enable="1" level="2" id="1038" type="17" detail="%s">certificate > stamp > expired</indicator>
    <indicator enable="1" level="3" id="1039" type="17" detail="0x%08X">certificate > offset</indicator>
    <indicator enable="0" level="3" id="1040" type="17" detail="%s">certificate > type</indicator>
    <indicator enable="0" level="3" id="1041" type="17" detail="%.02f%%">certificate > file-ratio</indicator>
    <indicator enable="1" level="1" id="1042" type="17" detail="%s">certificate > stamp > missing</indicator>
    <indicator enable="1" level="3" id="1043" type="17" detail="%i bytes">certificate > PKCS7 > size</indicator>
    <indicator enable="1" level="3" id="1044" type="17" detail="%i bytes">certificate > PKCS7 > size > NULL-padding</indicator>
    <indicator enable="1" level="1" id="1045" type="13" detail="%s">entry-point > export</indicator>
    <indicator enable="1" level="1" id="1046" type="17" detail="%s">certificate > signature-info</indicator>
    <indicator enable="1" level="3" id="1047" type="17" detail="%s">certificate > info</indicator>
    <indicator enable="1" level="2" id="1051" type="09" detail="%s">file > network</indicator>
    <indicator enable="1" level="2" id="1052" type="09" detail="%s">file > removable</indicator>
    <indicator enable="1" level="3" id="1100" type="10" detail="%s > %s">security > protection</indicator>
    <indicator enable="0" level="3" id="1105" type="10" detail="%s">Structured Exception Handling (SEH)</indicator>
    <indicator enable="0" level="3" id="1112" type="10" detail="%s">Safe Structured Exception Handling (SafeSEH)</indicator>
    <indicator enable="0" level="3" id="1113" type="10" detail="%i">Exception handler > count</indicator>
    <indicator enable="1" level="1" id="1115" type="06" detail="0x%08X">dos-header > offset > unusual</indicator>
    <indicator enable="1" level="3" id="1119" type="05" detail="%s">virustotal > error</indicator>
    <indicator enable="1" level="1" id="1120" type="05" detail="%i/%i">virustotal > score</indicator>
    <indicator enable="1" level="3" id="1121" type="05" detail="%s">virustotal > score</indicator>
    <indicator enable="1" level="3" id="1122" type="05" detail="%s">virustotal > url</indicator>
    <indicator enable="1" level="3" id="1123" type="05" detail="%s">virustotal > scan-date</indicator>
    <indicator enable="1" level="3" id="1124" type="04" detail="%s">mitre > technique</indicator>
    <indicator enable="1" level="2" id="1125" type="04" detail="%s">mitre > tactic</indicator>
    <indicator enable="1" level="2" id="1150" type="06" detail="0x%08X">file-header > offset</indicator>
    <indicator enable="1" level="3" id="1151" type="23" detail="%i">debug > streams</indicator>
    <indicator enable="1" level="3" id="1152" type="23" detail="%s">debug > file-name</indicator>
    <indicator enable="1" level="2" id="1153" type="12" detail="%s">sections > virtualized</indicator>
    <indicator enable="1" level="2" id="1154" type="23" detail="%s">debug > GUID</indicator>
    <indicator enable="1" level="2" id="1155" type="23" detail="%s">debug > stamp</indicator>
    <indicator enable="1" level="1" id="1156" type="23" detail="%s">debug > stream[%i] > status</indicator>
    <indicator enable="1" level="2" id="1157" type="23" detail="%i">debug > age</indicator>
    <indicator enable="1" level="3" id="1158" type="23" detail="%s">debug > format</indicator>
    <indicator enable="1" level="1" id="1159" type="23" detail="%.02f%%">debug > stream > file-ratio</indicator>
    <indicator enable="1" level="1" id="1160" type="23" detail="%i bytes">debug > stream > size</indicator>
    <indicator enable="1" level="2" id="1203" type="09" detail="%i bytes">optional-header > size-of-code</indicator>
    <indicator enable="0" level="2" id="1204" type="09" detail="0x%08X">base-of-code > suspicious</indicator>
    <indicator enable="0" level="2" id="1206" type="09" detail="0x%08X">file-alignment > suspicious</indicator>
    <indicator enable="0" level="2" id="1207" type="09" detail="0x%08X">size-of-image > suspicious</indicator>
    <indicator enable="1" level="2" id="1209" type="09" detail="0x%08X">size-of-headers > suspicious</indicator>
    <indicator enable="1" level="1" id="1210" type="09" detail="%i">directories > count > invalid</indicator>
    <indicator enable="0" level="3" id="1215" type="11" detail="%.02f%%">sections > file-ratio</indicator>
    <indicator enable="1" level="2" id="1220" type="20" detail="%.02f%%">resources > file-ratio</indicator>
    <indicator enable="1" level="1" id="1222" type="12" detail="%s">sections > executable > name</indicator>
    <indicator enable="1" level="1" id="1223" type="12" detail="%s">sections > writable</indicator>
    <indicator enable="1" level="3" id="1224" type="12" detail="0x%08X">entry-point</indicator>
    <indicator enable="1" level="1" id="1225" type="12" detail="0x%08X">entry-point > location</indicator>
    <indicator enable="0" level="2" id="1233" type="21" detail="%i">resources > languages > count</indicator>
    <indicator enable="0" level="3" id="1234" type="21" detail="%i">resources > instances > dotnet</indicator>
    <indicator enable="1" level="2" id="1236" type="21" detail="%s">resources > language</indicator>
    <indicator enable="1" level="2" id="1244" type="24" detail="%s.%s, %i bytes">resource > size</indicator>
    <indicator enable="1" level="2" id="1245" type="12" detail="%s">sections > name > flag</indicator>
    <indicator enable="1" level="2" id="1251" type="21" detail="%s:%s">resource > unknown</indicator>
    <indicator enable="1" level="2" id="1252" type="15" detail="%i">exports > duplicates > count</indicator>
    <indicator enable="1" level="1" id="1253" type="15" detail="%i">exports > count</indicator>
    <indicator enable="1" level="2" id="1254" type="15" detail="%i">exports > forwarded > count</indicator>
    <indicator enable="0" level="1" id="1255" type="15" detail="%i">exports > flag > count</indicator>
    <indicator enable="1" level="2" id="1256" type="15" detail="%i">exports > ordinals > count</indicator>
    <indicator enable="1" level="2" id="1257" type="15" detail="%i">exports > gaps > count</indicator>
    <indicator enable="1" level="1" id="1258" type="15" detail="%s">exports > flag > name</indicator>
    <indicator enable="1" level="3" id="1259" type="00" detail="%s">file-name > exports</indicator>
    <indicator enable="1" level="2" id="1260" type="06" detail="%s">dos-stub > message</indicator>
    <indicator enable="1" level="3" id="1261" type="14" detail="%s">imports > field > missing</indicator>
    <indicator enable="1" level="3" id="1262" type="14" detail="%i">imports > count</indicator>
    <indicator enable="1" level="2" id="1263" type="14" detail="%i">imports > forwarded > count</indicator>
    <indicator enable="1" level="3" id="1264" type="14" detail="%i">imports > ordinal > count</indicator>
    <indicator enable="1" level="1" id="1265" type="14" detail="%s">imports > anomaly</indicator>
    <indicator enable="1" level="2" id="1266" type="14" detail="%i">imports > flag</indicator>
    <indicator enable="1" level="2" id="1267" type="24" detail="%i bytes">string > size > suspicious</indicator>
    <indicator enable="1" level="1" id="1268" type="14" detail="%i">imports > spoofing > count </indicator>
    <indicator enable="1" level="1" id="1269" type="13" detail="%s (%s)">libraries > flag</indicator>
    <indicator enable="1" level="1" id="1270" type="13" detail="%s">libraries > spoofing > count</indicator>
    <indicator enable="1" level="3" id="1271" type="01" detail="%s">imphash > md5</indicator>
    <indicator enable="1" level="2" id="1272" type="14" detail="%i">imports > callback</indicator>
    <indicator enable="1" level="1" id="1274" type="05" detail="%s">dos-stub > suspicious</indicator>
    <indicator enable="1" level="3" id="1287" type="10" detail="%s">file > subsystem</indicator>
    <indicator enable="1" level="3" id="1288" type="20" detail="%s">.NET > property > missing</indicator>
    <indicator enable="1" level="1" id="1289" type="20" detail="%s">.NET > stream > flag</indicator>
    <indicator enable="1" level="2" id="1290" type="20" detail="stream[%i]">.NET > stream > suspicous</indicator>
    <indicator enable="1" level="1" id="1291" type="20" detail="%s">.NET > stream > duplicate</indicator>
    <indicator enable="1" level="3" id="1292" type="20" detail="%s">.NET > module > name</indicator>
    <indicator enable="1" level="3" id="1293" type="20" detail="%s">.NET > file >strongly-named</indicator>
    <indicator enable="0" level="3" id="1294" type="20" detail="%i">.NET > methods > managed</indicator>
    <indicator enable="1" level="2" id="1295" type="14" detail="%i">imports > p/invoke</indicator>
    <indicator enable="1" level="2" id="1296" type="13" detail="%s">libraries > p/invoke</indicator>
    <indicator enable="1" level="1" id="1297" type="20" detail="%s">.NET > file > obfuscated</indicator>
    <indicator enable="1" level="1" id="1298" type="20" detail="%s">.NET > namespace > flag</indicator>
    <indicator enable="1" level="2" id="1299" type="20" detail="%s, ratio: %s%%">.NET > stream > file-ratio</indicator>
    <indicator enable="1" level="3" id="1300" type="20" detail="%s">.NET > stream</indicator>
    <indicator enable="1" level="1" id="1301" type="11" detail="%s">directory > missing</indicator>
    <indicator enable="1" level="1" id="1302" type="11" detail="%s">directory > invalid</indicator>
    <indicator enable="0" level="3" id="1303" type="20" detail="%s">.NET > namespace > custom</indicator>
    <indicator enable="1" level="1" id="1306" type="11" detail="%i">directories > empty</indicator>
    <indicator enable="1" level="2" id="1320" type="11" detail="%s">directory > stamp</indicator>
    <indicator enable="1" level="3" id="1321" type="09" detail="%s">file > compiler > stamp</indicator>
    <indicator enable="1" level="1" id="1400" type="25" detail="%s">manifest > privilege</indicator>
    <indicator enable="1" level="2" id="1401" type="25" detail="%s">manifest > privilege</indicator>
    <indicator enable="1" level="1" id="1402" type="25" detail="%s">manifest > UAC</indicator>
    <indicator enable="1" level="3" id="1403" type="25" detail="%s">manifest > name</indicator>
    <indicator enable="1" level="3" id="1404" type="25" detail="%s">manifest > description</indicator>
    <indicator enable="1" level="3" id="1405" type="25" detail="%s">manifest > level</indicator>
    <indicator enable="0" level="3" id="1423" type="09" detail="%s">file > os > target</indicator>
    <indicator enable="1" level="3" id="1424" type="23" detail="%s">file > internal > name</indicator>
    <indicator enable="0" level="3" id="1427" type="24" detail="%i">strings > unicode > count</indicator>
    <indicator enable="0" level="3" id="1428" type="24" detail="%i">strings > ascii > count</indicator>
    <indicator enable="0" level="3" id="1429" type="24" detail="%i">strings > ignore > count</indicator>
    <indicator enable="0" level="2" id="1430" type="24" detail="%i">strings > flag > count</indicator>
    <indicator enable="0" level="3" id="1431" type="24" detail="%i">strings > count</indicator>
    <indicator enable="1" level="2" id="1434" type="24" detail="%s">string > URL</indicator>
    <indicator enable="1" level="1" id="1485" type="13" detail="%i">libraries > count</indicator>
    <indicator enable="1" level="2" id="1502" type="21" detail="%s">version > language</indicator>
    <indicator enable="1" level="1" id="1503" type="21" detail="%i bytes">version > size</indicator>
    <indicator enable="1" level="3" id="1504" type="21" detail="%s">file-name > version</indicator>
    <indicator enable="1" level="1" id="1525" type="20" detail="signature: %s, location: %s, offset: 0x%08X, size: %i bytes">file > embedded</indicator>
    <indicator enable="1" level="2" id="1590" type="06" detail="%i bytes">dos-header > size</indicator>
    <indicator enable="1" level="3" id="1601" type="05" detail="%i bytes">dos-stub > size</indicator>
    <indicator enable="1" level="1" id="1606" type="12" detail="%i">sections > count</indicator>
    <indicator enable="1" level="1" id="1625" type="12" detail="%i">sections > unreadable > count</indicator>
    <indicator enable="1" level="3" id="1627" type="00" detail="%s">file > signature</indicator>
    <indicator enable="1" level="2" id="1628" type="00" detail="%s">file > signature</indicator>
    <indicator enable="1" level="1" id="1629" type="26" detail="%s">overlay > file signature > flag</indicator>
    <indicator enable="1" level="2" id="1630" type="20" detail="%s">resource > file signature > flag</indicator>
    <indicator enable="1" level="2" id="1631" type="26" detail="%i bytes">overlay > size</indicator>
    <indicator enable="1" level="2" id="1632" type="26" detail="%.03f">overlay > entropy</indicator>
    <indicator enable="1" level="2" id="1633" type="24" detail="%s">label > %s</indicator>
    <indicator enable="1" level="3" id="1634" type="02" detail="%s">groups > API</indicator>
    <indicator enable="1" level="1" id="1635" type="24" detail="%i">keyboard > keys > count</indicator>
    <indicator enable="1" level="1" id="1636" type="24" detail="%i">file > extension > count</indicator>
    <indicator enable="1" level="2" id="1638" type="26" detail="%s">overlay > signature</indicator>
    <indicator enable="1" level="2" id="2213" type="12" detail="%s">sections > shared > name</indicator>
    <indicator enable="1" level="1" id="2214" type="12" detail="%s">sections > self-modifying</indicator>
    <indicator enable="1" level="2" id="2217" type="12" detail="%i">sections > nameless > count</indicator>
    <indicator enable="1" level="1" id="2246" type="12" detail="%i">sections > executable > count</indicator>
  </indicators>
</xml>
